{"stats":{"minecraft:used":{"minecraft:iron_chestplate":1,"minecraft:netherite_sword":110,"minecraft:netherite_boots":1,"minecraft:golden_apple":5,"minecraft:jungle_wood":2,"minecraft:bow":2,"minecraft:netherite_leggings":1,"minecraft:netherite_chestplate":1,"minecraft:netherite_helmet":1,"minecraft:iron_helmet":1,"minecraft:iron_sword":57,"minecraft:iron_boots":1,"minecraft:iron_leggings":1,"minecraft:splash_potion":129},"minecraft:picked_up":{"minecraft:netherite_boots":1,"minecraft:bow":1,"minecraft:netherite_helmet":1,"minecraft:netherite_sword":1,"minecraft:golden_apple":122,"minecraft:totem_of_undying":1,"minecraft:netherite_chestplate":1,"minecraft:netherite_leggings":1},"minecraft:custom":{"minecraft:deaths":4,"minecraft:time_since_rest":934,"minecraft:damage_absorbed":200,"minecraft:crouch_one_cm":460,"minecraft:play_time":19128,"minecraft:sprint_one_cm":35815,"minecraft:damage_taken":4562,"minecraft:walk_one_cm":54760,"minecraft:sneak_time":133,"minecraft:walk_under_water_one_cm":5742,"minecraft:drop":1,"minecraft:jump":443,"minecraft:damage_dealt":2632,"minecraft:walk_on_water_one_cm":642,"minecraft:time_since_death":906,"minecraft:total_world_time":19128,"minecraft:swim_one_cm":6092,"minecraft:fall_one_cm":12400,"minecraft:fly_one_cm":99832,"minecraft:player_kills":5},"minecraft:killed_by":{"minecraft:player":2},"minecraft:dropped":{"minecraft:golden_apple":59}},"DataVersion":3465}