{"stats":{"minecraft:mined":{"minecraft:tall_seagrass":1,"minecraft:kelp_plant":3,"minecraft:grass":1,"minecraft:kelp":1},"minecraft:used":{"minecraft:water_bucket":7,"minecraft:netherite_sword":110,"minecraft:netherite_chestplate":1,"minecraft:iron_helmet":1,"minecraft:iron_sword":70,"minecraft:iron_boots":1,"minecraft:netherite_boots":1,"minecraft:iron_chestplate":1,"minecraft:jungle_wood":2,"minecraft:golden_apple":5,"minecraft:bow":2,"minecraft:netherite_leggings":1,"minecraft:bucket":5,"minecraft:netherite_helmet":1,"minecraft:egg":23,"minecraft:splash_potion":129,"minecraft:iron_leggings":1},"minecraft:picked_up":{"minecraft:stick":1,"minecraft:netherite_boots":1,"minecraft:cooked_beef":8,"minecraft:water_bucket":2,"minecraft:netherite_leggings":1,"minecraft:bow":1,"minecraft:netherite_helmet":1,"minecraft:netherite_sword":1,"minecraft:golden_apple":122,"minecraft:totem_of_undying":1,"minecraft:netherite_chestplate":1,"minecraft:egg":146},"minecraft:custom":{"minecraft:time_since_rest":6909,"minecraft:walk_one_cm":120023,"minecraft:sprint_one_cm":107379,"minecraft:damage_taken":16666,"minecraft:damage_absorbed":200,"minecraft:drop":1,"minecraft:damage_dealt":5798,"minecraft:swim_one_cm":13746,"minecraft:target_hit":8,"minecraft:fly_one_cm":155475,"minecraft:player_kills":14,"minecraft:crouch_one_cm":1345,"minecraft:play_time":45344,"minecraft:deaths":14,"minecraft:sneak_time":561,"minecraft:walk_under_water_one_cm":21085,"minecraft:jump":880,"minecraft:leave_game":1,"minecraft:time_since_death":6887,"minecraft:walk_on_water_one_cm":8922,"minecraft:total_world_time":45344,"minecraft:fall_one_cm":110487},"minecraft:killed_by":{"minecraft:player":4},"minecraft:dropped":{"minecraft:golden_apple":59}},"DataVersion":3465}