{"stats":{"minecraft:mined":{"minecraft:grass":1},"minecraft:used":{"minecraft:water_bucket":7,"minecraft:netherite_sword":110,"minecraft:netherite_chestplate":1,"minecraft:iron_helmet":1,"minecraft:iron_sword":70,"minecraft:iron_boots":1,"minecraft:netherite_boots":1,"minecraft:iron_chestplate":1,"minecraft:jungle_wood":2,"minecraft:golden_apple":5,"minecraft:bow":2,"minecraft:netherite_leggings":1,"minecraft:bucket":5,"minecraft:netherite_helmet":1,"minecraft:egg":20,"minecraft:splash_potion":129,"minecraft:iron_leggings":1},"minecraft:picked_up":{"minecraft:netherite_boots":1,"minecraft:cooked_beef":8,"minecraft:water_bucket":2,"minecraft:netherite_leggings":1,"minecraft:bow":1,"minecraft:netherite_helmet":1,"minecraft:netherite_sword":1,"minecraft:golden_apple":122,"minecraft:totem_of_undying":1,"minecraft:netherite_chestplate":1,"minecraft:egg":145},"minecraft:custom":{"minecraft:time_since_rest":6129,"minecraft:walk_one_cm":102759,"minecraft:sprint_one_cm":90426,"minecraft:damage_taken":15724,"minecraft:damage_absorbed":200,"minecraft:drop":1,"minecraft:damage_dealt":5229,"minecraft:swim_one_cm":7614,"minecraft:target_hit":6,"minecraft:fly_one_cm":145306,"minecraft:player_kills":13,"minecraft:crouch_one_cm":1193,"minecraft:play_time":37128,"minecraft:deaths":13,"minecraft:sneak_time":355,"minecraft:walk_under_water_one_cm":16903,"minecraft:jump":775,"minecraft:time_since_death":6099,"minecraft:walk_on_water_one_cm":6452,"minecraft:total_world_time":37128,"minecraft:fall_one_cm":110487},"minecraft:killed_by":{"minecraft:player":4},"minecraft:dropped":{"minecraft:golden_apple":59}},"DataVersion":3465}