{"stats":{"minecraft:used":{"minecraft:netherite_chestplate":1,"minecraft:jungle_wood":2,"minecraft:netherite_boots":1,"minecraft:netherite_helmet":1,"minecraft:netherite_leggings":1,"minecraft:splash_potion":122},"minecraft:custom":{"minecraft:jump":29,"minecraft:time_since_rest":7128,"minecraft:crouch_one_cm":204,"minecraft:sprint_one_cm":4182,"minecraft:play_time":7128,"minecraft:damage_taken":40,"minecraft:time_since_death":7128,"minecraft:walk_one_cm":7490,"minecraft:sneak_time":36,"minecraft:total_world_time":7128,"minecraft:fall_one_cm":209,"minecraft:fly_one_cm":22342}},"DataVersion":3465}