{"stats":{"minecraft:mined":{"minecraft:birch_log":3,"minecraft:birch_leaves":1,"minecraft:peony":4,"minecraft:grass":3,"minecraft:oak_log":9,"minecraft:birch_pressure_plate":4},"minecraft:used":{"minecraft:water_bucket":2,"minecraft:netherite_sword":49,"minecraft:netherite_chestplate":6,"minecraft:elytra":1,"minecraft:oak_planks":78,"minecraft:chest":5,"minecraft:golden_apple":35,"minecraft:birch_pressure_plate":8,"minecraft:anvil":4,"minecraft:netherite_leggings":7,"minecraft:crafting_table":2,"minecraft:twisting_vines":1,"minecraft:netherite_helmet":5,"minecraft:purple_banner":7,"minecraft:firework_rocket":2,"minecraft:lantern":4,"minecraft:netherite_boots":7,"minecraft:cobblestone":13,"minecraft:bow":104,"minecraft:bucket":2,"minecraft:oak_boat":2,"minecraft:pearlescent_froglight":4,"minecraft:splash_potion":18,"minecraft:purple_wool":139},"minecraft:picked_up":{"minecraft:birch_log":2,"minecraft:netherite_boots":8,"minecraft:feather":1,"minecraft:splash_potion":19,"minecraft:chicken":4,"minecraft:water_bucket":2,"minecraft:oak_log":8,"minecraft:gunpowder":3,"minecraft:netherite_leggings":8,"minecraft:dirt":25,"minecraft:elytra":1,"minecraft:birch_pressure_plate":4,"minecraft:twisting_vines":1,"minecraft:bow":7,"minecraft:netherite_sword":9,"minecraft:oak_boat":2,"minecraft:birch_sapling":1,"minecraft:oak_planks":1107,"minecraft:firework_rocket":64,"minecraft:arrow":2794,"minecraft:netherite_helmet":7,"minecraft:peony":15,"minecraft:golden_apple":362,"minecraft:netherite_chestplate":7,"minecraft:cobblestone":20},"minecraft:crafted":{"minecraft:oak_planks":32,"minecraft:crafting_table":2,"minecraft:birch_pressure_plate":4,"minecraft:birch_planks":8,"minecraft:oak_boat":2},"minecraft:custom":{"minecraft:interact_with_anvil":3,"minecraft:mob_kills":1,"minecraft:interact_with_crafting_table":2,"minecraft:leave_game":5,"minecraft:time_since_death":9483,"minecraft:climb_one_cm":428,"minecraft:time_since_rest":9510,"minecraft:sprint_one_cm":88901,"minecraft:walk_one_cm":144803,"minecraft:damage_taken":16557,"minecraft:damage_absorbed":1070,"minecraft:drop":36,"minecraft:damage_dealt":1337,"minecraft:swim_one_cm":39676,"minecraft:fly_one_cm":218916,"minecraft:open_chest":3,"minecraft:crouch_one_cm":81,"minecraft:play_time":51637,"minecraft:deaths":25,"minecraft:sneak_time":672,"minecraft:walk_under_water_one_cm":12773,"minecraft:boat_one_cm":405,"minecraft:aviate_one_cm":31820,"minecraft:jump":1104,"minecraft:walk_on_water_one_cm":11912,"minecraft:total_world_time":51637,"minecraft:fall_one_cm":131429},"minecraft:killed_by":{"minecraft:warden":1,"minecraft:player":15,"minecraft:creeper":1,"minecraft:ender_dragon":1},"minecraft:dropped":{"minecraft:anvil":1,"minecraft:netherite_sword":1,"minecraft:purple_banner":1,"minecraft:chicken":1,"minecraft:feather":1,"minecraft:lantern":1,"minecraft:netherite_leggings":1,"minecraft:dirt":16,"minecraft:trident":1,"minecraft:pearlescent_froglight":1,"minecraft:peony":15,"minecraft:chest":1,"minecraft:netherite_boots":1,"minecraft:purple_wool":1},"minecraft:killed":{"minecraft:chicken":1}},"DataVersion":3465}