{"stats":{"minecraft:mined":{"minecraft:birch_log":3,"minecraft:birch_leaves":1,"minecraft:peony":4,"minecraft:grass":3,"minecraft:oak_log":9,"minecraft:birch_pressure_plate":4},"minecraft:used":{"minecraft:netherite_sword":4,"minecraft:water_bucket":2,"minecraft:firework_rocket":2,"minecraft:oak_planks":55,"minecraft:netherite_chestplate":3,"minecraft:elytra":1,"minecraft:golden_apple":10,"minecraft:netherite_boots":2,"minecraft:bow":32,"minecraft:birch_pressure_plate":8,"minecraft:cobblestone":13,"minecraft:netherite_leggings":3,"minecraft:crafting_table":2,"minecraft:twisting_vines":1,"minecraft:bucket":2,"minecraft:netherite_helmet":2,"minecraft:oak_boat":2},"minecraft:picked_up":{"minecraft:birch_log":2,"minecraft:netherite_boots":3,"minecraft:feather":1,"minecraft:chicken":1,"minecraft:water_bucket":2,"minecraft:oak_log":8,"minecraft:gunpowder":3,"minecraft:netherite_leggings":3,"minecraft:dirt":25,"minecraft:elytra":1,"minecraft:firework_rocket":64,"minecraft:twisting_vines":1,"minecraft:birch_pressure_plate":4,"minecraft:arrow":1565,"minecraft:bow":3,"minecraft:netherite_helmet":3,"minecraft:peony":15,"minecraft:netherite_sword":5,"minecraft:golden_apple":181,"minecraft:oak_boat":2,"minecraft:netherite_chestplate":3,"minecraft:birch_sapling":1,"minecraft:oak_planks":339,"minecraft:cobblestone":20},"minecraft:crafted":{"minecraft:oak_boat":2,"minecraft:oak_planks":32,"minecraft:crafting_table":2,"minecraft:birch_pressure_plate":4,"minecraft:birch_planks":8},"minecraft:custom":{"minecraft:time_since_rest":1624,"minecraft:damage_absorbed":260,"minecraft:sprint_one_cm":55196,"minecraft:damage_taken":13673,"minecraft:walk_one_cm":74446,"minecraft:mob_kills":1,"minecraft:drop":27,"minecraft:damage_dealt":132,"minecraft:swim_one_cm":17823,"minecraft:interact_with_crafting_table":2,"minecraft:fly_one_cm":149698,"minecraft:crouch_one_cm":57,"minecraft:play_time":27637,"minecraft:deaths":20,"minecraft:sneak_time":42,"minecraft:walk_under_water_one_cm":4111,"minecraft:boat_one_cm":405,"minecraft:aviate_one_cm":31820,"minecraft:jump":553,"minecraft:leave_game":5,"minecraft:time_since_death":1600,"minecraft:walk_on_water_one_cm":3705,"minecraft:climb_one_cm":428,"minecraft:total_world_time":27637,"minecraft:fall_one_cm":115811},"minecraft:killed_by":{"minecraft:warden":1,"minecraft:player":10,"minecraft:ender_dragon":1,"minecraft:creeper":1},"minecraft:dropped":{"minecraft:dirt":16,"minecraft:peony":15,"minecraft:netherite_sword":1,"minecraft:chicken":1,"minecraft:feather":1},"minecraft:killed":{"minecraft:chicken":1}},"DataVersion":3465}