{"stats":{"minecraft:mined":{"minecraft:birch_log":3,"minecraft:birch_leaves":1,"minecraft:peony":4,"minecraft:grass":3,"minecraft:oak_log":9,"minecraft:birch_pressure_plate":4},"minecraft:used":{"minecraft:water_bucket":2,"minecraft:birch_pressure_plate":8,"minecraft:cobblestone":13,"minecraft:crafting_table":2,"minecraft:twisting_vines":1,"minecraft:bucket":2,"minecraft:oak_boat":2},"minecraft:picked_up":{"minecraft:birch_log":2,"minecraft:feather":1,"minecraft:chicken":1,"minecraft:water_bucket":2,"minecraft:oak_log":8,"minecraft:gunpowder":3,"minecraft:dirt":9,"minecraft:birch_pressure_plate":4,"minecraft:twisting_vines":1,"minecraft:peony":3,"minecraft:netherite_sword":1,"minecraft:oak_boat":2,"minecraft:birch_sapling":1,"minecraft:oak_planks":3,"minecraft:cobblestone":20},"minecraft:crafted":{"minecraft:oak_boat":2,"minecraft:oak_planks":32,"minecraft:crafting_table":2,"minecraft:birch_pressure_plate":4,"minecraft:birch_planks":8},"minecraft:custom":{"minecraft:time_since_rest":514,"minecraft:sprint_one_cm":38996,"minecraft:damage_taken":10619,"minecraft:walk_one_cm":42118,"minecraft:drop":5,"minecraft:damage_dealt":45,"minecraft:swim_one_cm":17823,"minecraft:interact_with_crafting_table":2,"minecraft:fly_one_cm":119066,"minecraft:play_time":18295,"minecraft:deaths":16,"minecraft:walk_under_water_one_cm":2625,"minecraft:boat_one_cm":405,"minecraft:jump":288,"minecraft:leave_game":5,"minecraft:walk_on_water_one_cm":2644,"minecraft:time_since_death":492,"minecraft:climb_one_cm":428,"minecraft:total_world_time":18295,"minecraft:fall_one_cm":90829},"minecraft:killed_by":{"minecraft:warden":1,"minecraft:player":8,"minecraft:ender_dragon":1,"minecraft:creeper":1},"minecraft:dropped":{"minecraft:peony":3,"minecraft:chicken":1,"minecraft:feather":1}},"DataVersion":3465}