{"stats":{"minecraft:mined":{"minecraft:birch_log":3,"minecraft:birch_leaves":1,"minecraft:peony":4,"minecraft:grass":3,"minecraft:oak_log":9,"minecraft:birch_pressure_plate":4},"minecraft:used":{"minecraft:netherite_sword":35,"minecraft:water_bucket":2,"minecraft:firework_rocket":2,"minecraft:oak_planks":57,"minecraft:netherite_chestplate":6,"minecraft:elytra":1,"minecraft:golden_apple":30,"minecraft:netherite_boots":7,"minecraft:bow":96,"minecraft:birch_pressure_plate":8,"minecraft:cobblestone":13,"minecraft:netherite_leggings":7,"minecraft:crafting_table":2,"minecraft:twisting_vines":1,"minecraft:bucket":2,"minecraft:netherite_helmet":5,"minecraft:oak_boat":2,"minecraft:splash_potion":15},"minecraft:picked_up":{"minecraft:birch_log":2,"minecraft:splash_potion":19,"minecraft:netherite_boots":8,"minecraft:feather":1,"minecraft:chicken":4,"minecraft:water_bucket":2,"minecraft:oak_log":8,"minecraft:gunpowder":3,"minecraft:netherite_leggings":8,"minecraft:dirt":25,"minecraft:elytra":1,"minecraft:firework_rocket":64,"minecraft:twisting_vines":1,"minecraft:birch_pressure_plate":4,"minecraft:arrow":2794,"minecraft:bow":7,"minecraft:netherite_helmet":7,"minecraft:peony":15,"minecraft:netherite_sword":9,"minecraft:golden_apple":362,"minecraft:oak_boat":2,"minecraft:netherite_chestplate":7,"minecraft:birch_sapling":1,"minecraft:oak_planks":1107,"minecraft:cobblestone":20},"minecraft:crafted":{"minecraft:oak_boat":2,"minecraft:oak_planks":32,"minecraft:crafting_table":2,"minecraft:birch_pressure_plate":4,"minecraft:birch_planks":8},"minecraft:custom":{"minecraft:time_since_rest":3925,"minecraft:damage_absorbed":870,"minecraft:sprint_one_cm":75375,"minecraft:damage_taken":15792,"minecraft:walk_one_cm":113400,"minecraft:mob_kills":1,"minecraft:drop":29,"minecraft:damage_dealt":940,"minecraft:swim_one_cm":24548,"minecraft:interact_with_crafting_table":2,"minecraft:fly_one_cm":187549,"minecraft:crouch_one_cm":57,"minecraft:play_time":39637,"minecraft:deaths":24,"minecraft:sneak_time":42,"minecraft:walk_under_water_one_cm":10878,"minecraft:boat_one_cm":405,"minecraft:aviate_one_cm":31820,"minecraft:jump":911,"minecraft:leave_game":5,"minecraft:time_since_death":3848,"minecraft:walk_on_water_one_cm":9231,"minecraft:climb_one_cm":428,"minecraft:total_world_time":39637,"minecraft:fall_one_cm":126052},"minecraft:killed_by":{"minecraft:warden":1,"minecraft:player":14,"minecraft:ender_dragon":1,"minecraft:creeper":1},"minecraft:dropped":{"minecraft:dirt":16,"minecraft:peony":15,"minecraft:netherite_sword":1,"minecraft:netherite_boots":1,"minecraft:chicken":1,"minecraft:feather":1,"minecraft:netherite_leggings":1},"minecraft:killed":{"minecraft:chicken":1}},"DataVersion":3465}