{"stats":{"minecraft:mined":{"minecraft:birch_log":5,"minecraft:birch_leaves":1,"minecraft:peony":4,"minecraft:grass":3,"minecraft:oak_log":11,"minecraft:birch_pressure_plate":4},"minecraft:used":{"minecraft:water_bucket":17,"minecraft:netherite_sword":61,"minecraft:netherite_chestplate":7,"minecraft:elytra":1,"minecraft:oak_planks":82,"minecraft:chest":5,"minecraft:iron_sword":27,"minecraft:iron_chestplate":1,"minecraft:golden_apple":40,"minecraft:birch_pressure_plate":8,"minecraft:anvil":4,"minecraft:netherite_leggings":8,"minecraft:crafting_table":3,"minecraft:twisting_vines":1,"minecraft:crossbow":18,"minecraft:netherite_helmet":6,"minecraft:lingering_potion":2,"minecraft:purple_banner":7,"minecraft:oak_log":1,"minecraft:lava_bucket":1,"minecraft:firework_rocket":2,"minecraft:lantern":4,"minecraft:iron_helmet":1,"minecraft:iron_boots":1,"minecraft:netherite_boots":8,"minecraft:cobblestone":13,"minecraft:bow":104,"minecraft:goat_horn":4,"minecraft:birch_log":1,"minecraft:bucket":16,"minecraft:oak_boat":2,"minecraft:egg":117,"minecraft:pearlescent_froglight":4,"minecraft:splash_potion":18,"minecraft:purple_wool":139,"minecraft:iron_leggings":1},"minecraft:picked_up":{"minecraft:birch_log":4,"minecraft:netherite_boots":8,"minecraft:cooked_beef":24,"minecraft:feather":1,"minecraft:splash_potion":19,"minecraft:chicken":4,"minecraft:water_bucket":5,"minecraft:leather":1,"minecraft:enchanted_book":1,"minecraft:oak_log":10,"minecraft:gunpowder":3,"minecraft:netherite_leggings":8,"minecraft:dirt":25,"minecraft:elytra":1,"minecraft:birch_pressure_plate":4,"minecraft:twisting_vines":1,"minecraft:purple_banner":2,"minecraft:bow":7,"minecraft:netherite_sword":9,"minecraft:bucket":6,"minecraft:beef":3,"minecraft:oak_boat":2,"minecraft:birch_sapling":1,"minecraft:oak_planks":1107,"minecraft:egg":145,"minecraft:firework_rocket":64,"minecraft:arrow":2794,"minecraft:netherite_helmet":7,"minecraft:peony":15,"minecraft:golden_apple":362,"minecraft:netherite_chestplate":7,"minecraft:cobblestone":20},"minecraft:crafted":{"minecraft:oak_planks":36,"minecraft:crafting_table":3,"minecraft:birch_pressure_plate":4,"minecraft:birch_planks":12,"minecraft:oak_boat":2},"minecraft:custom":{"minecraft:interact_with_anvil":8,"minecraft:mob_kills":4,"minecraft:interact_with_crafting_table":2,"minecraft:leave_game":6,"minecraft:time_since_death":513,"minecraft:climb_one_cm":428,"minecraft:time_since_rest":535,"minecraft:sprint_one_cm":153259,"minecraft:walk_one_cm":240166,"minecraft:damage_taken":40063,"minecraft:damage_absorbed":1250,"minecraft:drop":98,"minecraft:damage_dealt":4967,"minecraft:target_hit":39,"minecraft:swim_one_cm":68042,"minecraft:fly_one_cm":388685,"minecraft:player_kills":2,"minecraft:open_chest":7,"minecraft:crouch_one_cm":586,"minecraft:play_time":87959,"minecraft:deaths":55,"minecraft:sneak_time":1755,"minecraft:walk_under_water_one_cm":21502,"minecraft:boat_one_cm":405,"minecraft:aviate_one_cm":31820,"minecraft:jump":2148,"minecraft:walk_on_water_one_cm":18574,"minecraft:total_world_time":87959,"minecraft:fall_one_cm":311374},"minecraft:killed_by":{"minecraft:warden":1,"minecraft:player":30,"minecraft:creeper":1,"minecraft:ender_dragon":1},"minecraft:dropped":{"minecraft:water_bucket":5,"minecraft:enchanted_book":2,"minecraft:anvil":1,"minecraft:cooked_beef":41,"minecraft:netherite_sword":1,"minecraft:purple_banner":3,"minecraft:chicken":1,"minecraft:feather":1,"minecraft:lantern":1,"minecraft:leather":1,"minecraft:netherite_leggings":1,"minecraft:dirt":16,"minecraft:trident":1,"minecraft:pearlescent_froglight":1,"minecraft:peony":15,"minecraft:chest":1,"minecraft:netherite_boots":1,"minecraft:beef":3,"minecraft:purple_wool":1,"minecraft:bucket":8},"minecraft:killed":{"minecraft:chicken":3,"minecraft:cow":1}},"DataVersion":3465}