{"stats":{"minecraft:mined":{"minecraft:grass":1,"minecraft:oak_leaves":1},"minecraft:used":{"minecraft:netherite_sword":144,"minecraft:firework_rocket":184,"minecraft:flint_and_steel":20,"minecraft:wither_skeleton_skull":3,"minecraft:grass_block":35,"minecraft:oak_planks":94,"minecraft:elytra":1,"minecraft:stone":142,"minecraft:crimson_roots":1,"minecraft:golden_apple":2,"minecraft:golden_carrot":16,"minecraft:dirt":1,"minecraft:wooden_sword":6,"minecraft:soul_sand":4,"minecraft:bow":122,"minecraft:tnt":3,"minecraft:twisting_vines":2,"minecraft:repeating_command_block":1},"minecraft:picked_up":{"minecraft:netherite_boots":3,"minecraft:feather":1,"minecraft:chicken":3,"minecraft:water_bucket":2,"minecraft:oak_log":1,"minecraft:gunpowder":3,"minecraft:netherite_leggings":2,"minecraft:dirt":8,"minecraft:arrow":947,"minecraft:rotten_flesh":1,"minecraft:bow":1,"minecraft:netherite_helmet":2,"minecraft:peony":3,"minecraft:netherite_sword":3,"minecraft:oak_boat":1,"minecraft:golden_apple":59,"minecraft:netherite_chestplate":2,"minecraft:oak_planks":187},"minecraft:custom":{"minecraft:time_since_rest":29719,"minecraft:damage_absorbed":80,"minecraft:sprint_one_cm":82497,"minecraft:damage_taken":1762,"minecraft:walk_one_cm":88254,"minecraft:drop":152,"minecraft:damage_dealt":4132,"minecraft:swim_one_cm":7161,"minecraft:fly_one_cm":273205,"minecraft:player_kills":14,"minecraft:crouch_one_cm":3597,"minecraft:play_time":49121,"minecraft:deaths":1,"minecraft:sneak_time":1706,"minecraft:walk_under_water_one_cm":12419,"minecraft:aviate_one_cm":629369,"minecraft:jump":884,"minecraft:leave_game":2,"minecraft:time_since_death":29696,"minecraft:walk_on_water_one_cm":2816,"minecraft:climb_one_cm":206,"minecraft:total_world_time":49121,"minecraft:fall_one_cm":24004},"minecraft:dropped":{"minecraft:dirt":8,"minecraft:peony":3,"minecraft:twisting_vines":1,"minecraft:netherite_sword":5,"minecraft:netherite_chestplate":4,"minecraft:oak_boat":1,"minecraft:netherite_boots":4,"minecraft:netherite_helmet":4,"minecraft:chicken":3,"minecraft:feather":1,"minecraft:rotten_flesh":1,"minecraft:oak_planks":561,"minecraft:arrow":1528,"minecraft:bow":3,"minecraft:elytra":1,"minecraft:splash_potion":18,"minecraft:golden_apple":123,"minecraft:netherite_leggings":3,"minecraft:firework_rocket":64}},"DataVersion":3465}