{"stats":{"minecraft:custom":{"minecraft:jump":166,"minecraft:time_since_rest":10214,"minecraft:damage_dealt":233,"minecraft:crouch_one_cm":238,"minecraft:leave_game":2,"minecraft:play_time":10214,"minecraft:sprint_one_cm":14042,"minecraft:damage_taken":30,"minecraft:time_since_death":10214,"minecraft:walk_one_cm":8748,"minecraft:sneak_time":154,"minecraft:total_world_time":10214,"minecraft:fall_one_cm":6103,"minecraft:fly_one_cm":38655,"minecraft:player_kills":2},"minecraft:used":{"minecraft:flint_and_steel":3,"minecraft:tnt":3,"minecraft:grass_block":35},"minecraft:mined":{"minecraft:grass":1,"minecraft:oak_leaves":1}},"DataVersion":3465}