{"stats":{"minecraft:mined":{"minecraft:grass":1,"minecraft:oak_leaves":1},"minecraft:used":{"minecraft:netherite_sword":12,"minecraft:firework_rocket":173,"minecraft:wooden_sword":6,"minecraft:soul_sand":4,"minecraft:wither_skeleton_skull":3,"minecraft:flint_and_steel":20,"minecraft:tnt":3,"minecraft:grass_block":35,"minecraft:elytra":1,"minecraft:stone":141},"minecraft:picked_up":{"minecraft:water_bucket":1,"minecraft:feather":1,"minecraft:chicken":1,"minecraft:netherite_sword":1,"minecraft:oak_boat":1,"minecraft:oak_log":1,"minecraft:gunpowder":3,"minecraft:oak_planks":7},"minecraft:custom":{"minecraft:time_since_rest":5719,"minecraft:crouch_one_cm":1602,"minecraft:deaths":1,"minecraft:sprint_one_cm":24685,"minecraft:play_time":25121,"minecraft:walk_one_cm":32500,"minecraft:damage_taken":30,"minecraft:sneak_time":916,"minecraft:walk_under_water_one_cm":6369,"minecraft:drop":5,"minecraft:aviate_one_cm":525053,"minecraft:jump":258,"minecraft:damage_dealt":1345,"minecraft:leave_game":2,"minecraft:walk_on_water_one_cm":1440,"minecraft:time_since_death":5696,"minecraft:total_world_time":25121,"minecraft:fall_one_cm":6103,"minecraft:fly_one_cm":151151,"minecraft:player_kills":8},"minecraft:dropped":{"minecraft:feather":1,"minecraft:chicken":1,"minecraft:oak_planks":7,"minecraft:netherite_sword":1,"minecraft:oak_boat":1}},"DataVersion":3465}