{"stats":{"minecraft:mined":{"minecraft:grass":1,"minecraft:oak_leaves":1},"minecraft:used":{"minecraft:netherite_sword":55,"minecraft:firework_rocket":184,"minecraft:flint_and_steel":20,"minecraft:wither_skeleton_skull":3,"minecraft:grass_block":35,"minecraft:oak_planks":17,"minecraft:elytra":1,"minecraft:stone":142,"minecraft:crimson_roots":1,"minecraft:golden_carrot":2,"minecraft:dirt":1,"minecraft:wooden_sword":6,"minecraft:soul_sand":4,"minecraft:bow":42,"minecraft:tnt":3,"minecraft:twisting_vines":2,"minecraft:repeating_command_block":1},"minecraft:picked_up":{"minecraft:netherite_boots":1,"minecraft:feather":1,"minecraft:chicken":3,"minecraft:water_bucket":2,"minecraft:oak_log":1,"minecraft:gunpowder":3,"minecraft:netherite_leggings":1,"minecraft:dirt":8,"minecraft:arrow":764,"minecraft:rotten_flesh":1,"minecraft:bow":1,"minecraft:netherite_helmet":2,"minecraft:peony":3,"minecraft:netherite_sword":2,"minecraft:oak_boat":1,"minecraft:golden_apple":59,"minecraft:netherite_chestplate":1,"minecraft:oak_planks":59},"minecraft:custom":{"minecraft:time_since_rest":17719,"minecraft:sprint_one_cm":43030,"minecraft:damage_taken":274,"minecraft:walk_one_cm":60516,"minecraft:drop":115,"minecraft:damage_dealt":2462,"minecraft:fly_one_cm":205501,"minecraft:player_kills":10,"minecraft:crouch_one_cm":2352,"minecraft:play_time":37121,"minecraft:deaths":1,"minecraft:sneak_time":1274,"minecraft:walk_under_water_one_cm":6369,"minecraft:aviate_one_cm":629369,"minecraft:jump":459,"minecraft:leave_game":2,"minecraft:time_since_death":17696,"minecraft:walk_on_water_one_cm":1508,"minecraft:climb_one_cm":206,"minecraft:total_world_time":37121,"minecraft:fall_one_cm":11154},"minecraft:dropped":{"minecraft:dirt":8,"minecraft:peony":3,"minecraft:twisting_vines":1,"minecraft:netherite_sword":3,"minecraft:netherite_chestplate":2,"minecraft:oak_boat":1,"minecraft:netherite_boots":2,"minecraft:netherite_helmet":3,"minecraft:chicken":3,"minecraft:feather":1,"minecraft:rotten_flesh":1,"minecraft:oak_planks":305,"minecraft:arrow":1201,"minecraft:bow":2,"minecraft:elytra":1,"minecraft:golden_apple":123,"minecraft:netherite_leggings":2,"minecraft:firework_rocket":64}},"DataVersion":3465}