{"stats":{"minecraft:mined":{"minecraft:grass":1,"minecraft:oak_leaves":1},"minecraft:used":{"minecraft:netherite_sword":6,"minecraft:wooden_sword":6,"minecraft:flint_and_steel":3,"minecraft:tnt":3,"minecraft:grass_block":35},"minecraft:picked_up":{"minecraft:netherite_sword":1},"minecraft:custom":{"minecraft:time_since_rest":13121,"minecraft:crouch_one_cm":857,"minecraft:sprint_one_cm":20470,"minecraft:play_time":13121,"minecraft:walk_one_cm":15718,"minecraft:damage_taken":30,"minecraft:sneak_time":435,"minecraft:drop":1,"minecraft:jump":223,"minecraft:damage_dealt":911,"minecraft:leave_game":2,"minecraft:time_since_death":13121,"minecraft:total_world_time":13121,"minecraft:fall_one_cm":6103,"minecraft:fly_one_cm":75104,"minecraft:player_kills":5},"minecraft:dropped":{"minecraft:netherite_sword":1}},"DataVersion":3465}