{"stats":{"minecraft:mined":{"minecraft:grass":1,"minecraft:oak_leaves":1},"minecraft:used":{"minecraft:water_bucket":6,"minecraft:netherite_sword":303,"minecraft:wither_skeleton_skull":3,"minecraft:flint_and_steel":20,"minecraft:redstone":37,"minecraft:elytra":1,"minecraft:oak_planks":160,"minecraft:stone":275,"minecraft:iron_sword":55,"minecraft:iron_chestplate":1,"minecraft:golden_apple":3,"minecraft:soul_sand":4,"minecraft:dirt":1,"minecraft:anvil":2,"minecraft:target":52,"minecraft:tnt":3,"minecraft:twisting_vines":2,"minecraft:obsidian":44,"minecraft:redstone_torch":6,"minecraft:firework_rocket":184,"minecraft:grass_block":35,"minecraft:crimson_roots":1,"minecraft:repeater":7,"minecraft:wooden_sword":6,"minecraft:redstone_lamp":39,"minecraft:golden_carrot":19,"minecraft:bow":231,"minecraft:end_crystal":12,"minecraft:bucket":1,"minecraft:gold_block":2,"minecraft:repeating_command_block":1,"minecraft:egg":31,"minecraft:acacia_planks":38},"minecraft:picked_up":{"minecraft:netherite_boots":3,"minecraft:feather":1,"minecraft:chicken":3,"minecraft:water_bucket":2,"minecraft:leather":1,"minecraft:oak_log":1,"minecraft:gunpowder":3,"minecraft:netherite_leggings":2,"minecraft:dirt":8,"minecraft:bone":2,"minecraft:bow":1,"minecraft:netherite_sword":3,"minecraft:oak_boat":1,"minecraft:oak_planks":187,"minecraft:redstone":4,"minecraft:netherite_helmet":2,"minecraft:arrow":949,"minecraft:rotten_flesh":1,"minecraft:peony":3,"minecraft:golden_apple":59,"minecraft:netherite_chestplate":2},"minecraft:custom":{"minecraft:interact_with_anvil":16,"minecraft:leave_game":2,"minecraft:time_since_death":10861,"minecraft:climb_one_cm":206,"minecraft:time_since_rest":10890,"minecraft:sprint_one_cm":128723,"minecraft:walk_one_cm":160211,"minecraft:damage_taken":8055,"minecraft:damage_absorbed":121,"minecraft:drop":179,"minecraft:damage_dealt":7790,"minecraft:swim_one_cm":9795,"minecraft:target_hit":31,"minecraft:fly_one_cm":525112,"minecraft:player_kills":20,"minecraft:open_chest":3,"minecraft:crouch_one_cm":6621,"minecraft:play_time":91121,"minecraft:deaths":8,"minecraft:sneak_time":3254,"minecraft:walk_under_water_one_cm":16708,"minecraft:aviate_one_cm":629369,"minecraft:jump":1397,"minecraft:walk_on_water_one_cm":6616,"minecraft:total_world_time":91121,"minecraft:fall_one_cm":70438},"minecraft:killed_by":{"minecraft:player":2},"minecraft:dropped":{"minecraft:twisting_vines":1,"minecraft:netherite_sword":6,"minecraft:netherite_helmet":5,"minecraft:netherite_chestplate":5,"minecraft:chicken":3,"minecraft:feather":1,"minecraft:rotten_flesh":1,"minecraft:oak_planks":561,"minecraft:totem_of_undying":1,"minecraft:elytra":1,"minecraft:golden_apple":187,"minecraft:netherite_leggings":4,"minecraft:dirt":8,"minecraft:peony":3,"minecraft:oak_boat":1,"minecraft:netherite_boots":5,"minecraft:arrow":1528,"minecraft:bow":4,"minecraft:splash_potion":18,"minecraft:bone":2,"minecraft:egg":288,"minecraft:firework_rocket":64}},"DataVersion":3465}