{"stats":{"minecraft:mined":{"minecraft:grass":1,"minecraft:oak_leaves":1},"minecraft:used":{"minecraft:netherite_sword":175,"minecraft:firework_rocket":184,"minecraft:flint_and_steel":20,"minecraft:wither_skeleton_skull":3,"minecraft:grass_block":35,"minecraft:oak_planks":112,"minecraft:elytra":1,"minecraft:stone":251,"minecraft:crimson_roots":1,"minecraft:end_crystal":5,"minecraft:anvil":1,"minecraft:golden_apple":2,"minecraft:golden_carrot":19,"minecraft:dirt":1,"minecraft:wooden_sword":6,"minecraft:soul_sand":4,"minecraft:bow":159,"minecraft:tnt":3,"minecraft:twisting_vines":2,"minecraft:gold_block":2,"minecraft:repeating_command_block":1,"minecraft:acacia_planks":38,"minecraft:obsidian":2},"minecraft:picked_up":{"minecraft:netherite_boots":3,"minecraft:feather":1,"minecraft:chicken":3,"minecraft:water_bucket":2,"minecraft:oak_log":1,"minecraft:gunpowder":3,"minecraft:netherite_leggings":2,"minecraft:dirt":8,"minecraft:bone":2,"minecraft:arrow":949,"minecraft:rotten_flesh":1,"minecraft:bow":1,"minecraft:netherite_helmet":2,"minecraft:peony":3,"minecraft:netherite_sword":3,"minecraft:oak_boat":1,"minecraft:golden_apple":59,"minecraft:netherite_chestplate":2,"minecraft:oak_planks":187},"minecraft:custom":{"minecraft:time_since_rest":41719,"minecraft:damage_absorbed":80,"minecraft:sprint_one_cm":93175,"minecraft:damage_taken":2119,"minecraft:walk_one_cm":101583,"minecraft:interact_with_anvil":15,"minecraft:drop":153,"minecraft:damage_dealt":4820,"minecraft:swim_one_cm":8341,"minecraft:fly_one_cm":339751,"minecraft:player_kills":15,"minecraft:open_chest":2,"minecraft:crouch_one_cm":3999,"minecraft:play_time":61121,"minecraft:deaths":1,"minecraft:sneak_time":1875,"minecraft:walk_under_water_one_cm":13001,"minecraft:aviate_one_cm":629369,"minecraft:jump":1012,"minecraft:leave_game":2,"minecraft:time_since_death":41696,"minecraft:walk_on_water_one_cm":3691,"minecraft:climb_one_cm":206,"minecraft:total_world_time":61121,"minecraft:fall_one_cm":26959},"minecraft:dropped":{"minecraft:dirt":8,"minecraft:peony":3,"minecraft:twisting_vines":1,"minecraft:netherite_sword":5,"minecraft:netherite_chestplate":4,"minecraft:oak_boat":1,"minecraft:netherite_boots":4,"minecraft:netherite_helmet":4,"minecraft:chicken":3,"minecraft:feather":1,"minecraft:rotten_flesh":1,"minecraft:oak_planks":561,"minecraft:arrow":1528,"minecraft:bow":3,"minecraft:elytra":1,"minecraft:splash_potion":18,"minecraft:golden_apple":123,"minecraft:netherite_leggings":3,"minecraft:bone":2,"minecraft:firework_rocket":64}},"DataVersion":3465}