{
  "minecraft:recipes/decorations/crafting_table": {
    "criteria": {
      "unlock_right_away": "2024-11-17 00:07:53 +0000"
    },
    "done": true
  },
  "minecraft:adventure/root": {
    "criteria": {
      "killed_by_something": "2024-11-17 00:08:53 +0000"
    },
    "done": true
  },
  "minecraft:adventure/adventuring_time": {
    "criteria": {
      "minecraft:birch_forest": "2024-11-17 00:08:04 +0000",
      "minecraft:stony_shore": "2024-11-17 00:08:13 +0000",
      "minecraft:forest": "2024-11-17 00:07:54 +0000"
    },
    "done": false
  },
  "DataVersion": 3465
}