{
  "minecraft:recipes/decorations/crafting_table": {
    "criteria": {
      "unlock_right_away": "2024-11-17 00:03:14 +0000"
    },
    "done": true
  },
  "minecraft:adventure/adventuring_time": {
    "criteria": {
      "minecraft:birch_forest": "2024-11-17 00:03:18 +0000",
      "minecraft:stony_shore": "2024-11-17 00:08:13 +0000",
      "minecraft:forest": "2024-11-17 00:03:14 +0000"
    },
    "done": false
  },
  "minecraft:adventure/root": {
    "criteria": {
      "killed_something": "2024-11-17 00:08:53 +0000"
    },
    "done": true
  },
  "minecraft:adventure/salvage_sherd": {
    "criteria": {
      "has_sherd": "2024-11-17 00:28:40 +0000"
    },
    "done": false
  },
  "minecraft:recipes/decorations/decorated_pot_simple": {
    "criteria": {
      "has_brick": "2024-11-17 00:28:40 +0000"
    },
    "done": true
  },
  "DataVersion": 3465
}